The Secret of the Writer's Ruse,
Best Laid Plans,
Missionary: Impossible,
Life Trials of the Rich and Famous,
"The Big Deal, Part two",
"The Big Deal, Part one",
The Key Suspect,
Mandy's Debut,
First Things First,
The Ties That Bind Part one,
The Drop Box,
The Pilot Part two,
The Pilot Part one,
Happy Hunting,
Wooton Knows Best,
Welcome to Whit’s End,
Stepping Stones Part two,
Stepping Stones Part one,
Kidsboro Part three,
Kidsboro Part two,
Kidsboro Part one,
Something Significant,
Prequels of Love,
Run-of-the-Mill Miracle,
Bernard and Jeremiah,
A Cheater Cheated,
The Business of Busyness,
Odyssey Sings!,
The Last “I Do”,
A Lamb's Tale,
Called On in Class,
For Trying Out Loud,
Welcoming Wooton,
Broken Window,
Snow Day,
B-TV: Obedience,
Passages: Fletcher's Rebellion Part two,
Passages: Fletcher's Rebellion Part one,
The Tower,
Gloobers,
Hide and Seek,
Arizona Sunrise,
When In Doubt Pray!,
The Joke's on You,
New Year's Eve Live!,
It's a Pokenberry Christmas Part two,
It's a Pokenberry Christmas Part one,
Amazing Grace,
B-TV: Thanks,
Hidden In My Heart,
The Potential in Elliot,
A Time for Christmas,
Into Temptation,
Columbus: The Grand Voyage,
Wonderworld,
Isaac the Chivalrous,
The Star Part two,
The Star Part one,
East Winds Raining,
Isaac the True Friend,
Mayor for a Day,
By Dawn's Early Light,
Someone to Watch Over Me,
Over the Airwaves,
The Barclay Family Ski Vacation,
You Go to School Where?,
A Prisoner for Christ,
The Imagination Station Part two,
The Imagination Station Part one,
Peace on Earth,
The Day Independence Came,
Whit's Flop,
You're Not Gonna Believe This,
Spare Tire,
Seeing Red,
All Things to All People,
The Imagination Station,
Here Today Gone Tomorrow? Part three,
Here Today Gone Tomorrow? Part two,
Here Today Gone Tomorrow? Part one,
Hindsight,
The Mystery at Tin Flat